{
    "appid": "208860",
    "type": "Game",
    "name": "Mad Riders",
    "schinese_name": "",
    "isfreeapp": "0",
    "change_number": "21220107",
    "update_time": "2024-06-20 11:01:36",
    "depot": {
        "208881": {
            "optional": "1",
            "systemdefined": "1",
            "manifests": {
                "public": {
                    "gid": "7432003280259839506",
                    "size": "2917",
                    "download": "0"
                }
            },
            "dlcappid": "208881",
            "decryptionkey": ""
        },
        "208861": {
            "systemdefined": "1",
            "manifests": {
                "public": {
                    "gid": "390192053140752510",
                    "size": "1520484824",
                    "download": "0"
                }
            },
            "decryptionkey": "914aa0512d08b4ccf1bc881e42c16a179a13d9825fba493716fd1fe50af121f8"
        },
        "208862": {
            "config": {
                "language": "french"
            },
            "manifests": {
                "public": {
                    "gid": "7753251644570938467",
                    "size": "143785",
                    "download": "0"
                }
            },
            "decryptionkey": "7c2d2db382a7deb08898ffea74c2fc2bec52f7623e9eada4238979307711b5aa"
        },
        "208863": {
            "config": {
                "language": "italian"
            },
            "manifests": {
                "public": {
                    "gid": "2280566383451267120",
                    "size": "140769",
                    "download": "0"
                }
            },
            "decryptionkey": "90ca61f8dbfa2423b22ac50a5f1b3a616042514c155bce90cd09f1ffa95b15c7"
        },
        "208864": {
            "config": {
                "language": "german"
            },
            "manifests": {
                "public": {
                    "gid": "7575578784851287766",
                    "size": "144839",
                    "download": "0"
                }
            },
            "decryptionkey": "eb72228373fe42c9dc3fd6f64c84c4aedfcd35985837ee4a4b59d9d45813c4a3"
        },
        "208865": {
            "config": {
                "language": "spanish"
            },
            "manifests": {
                "public": {
                    "gid": "4011701041394994442",
                    "size": "143630",
                    "download": "0"
                }
            },
            "decryptionkey": "53676dba1b86375afb64b7b2970f8a86c779018248fd30eb2106a072f0266b6c"
        },
        "overridescddb": "1",
        "baselanguages": "english,french,italian,german,spanish",
        "branches": {
            "public": {
                "buildid": "30062"
            }
        }
    }
}